{
  "timestamp": "2025-12-19T10:59:46.434424+00:00",
  "h": 12,
  "use_gpu": false,
  "results": {
    "TimeLLM": {
      "rmse": 0.9002881419901928,
      "sign_mismatch": 0.5,
      "pred": [
        0.5789932608604431,
        0.12369678914546967,
        -0.14367970824241638,
        0.06158572807908058,
        -0.284550279378891,
        -0.6435187458992004,
        0.6019619703292847,
        0.6909688711166382,
        0.1062396913766861,
        -0.5376353859901428,
        -0.5524128675460815,
        -0.2646853029727936
      ]
    },
    "PatchTST": {
      "rmse": 0.7016676290084702,
      "sign_mismatch": 0.4166666666666667,
      "pred": [
        -0.22479033470153809,
        -0.14418478310108185,
        -0.4668861925601959,
        -0.374625027179718,
        0.06209322810173035,
        -0.42875635623931885,
        -0.04338303208351135,
        -0.2664682865142822,
        0.01981167495250702,
        0.15377113223075867,
        -0.06872627139091492,
        -0.044830068945884705
      ]
    }
  }
}