{
  "timestamp": "2025-12-19T11:00:11.765840+00:00",
  "h": 14,
  "use_gpu": false,
  "results": {
    "TimeLLM": {
      "rmse": 1.2376232241281129,
      "sign_mismatch": 0.42857142857142855,
      "pred": [
        0.4888218939304352,
        0.14924317598342896,
        -0.780978798866272,
        -0.44426047801971436,
        0.00984741747379303,
        -1.1933001279830933,
        0.9314063787460327,
        1.4815725088119507,
        -0.502439022064209,
        -0.6647414565086365,
        -2.366758346557617,
        0.6426092386245728,
        -1.2204084396362305,
        0.8574506044387817
      ]
    },
    "PatchTST": {
      "rmse": 1.1272433919906273,
      "sign_mismatch": 0.7142857142857143,
      "pred": [
        0.5981053709983826,
        0.4447280764579773,
        0.4379912316799164,
        0.8795042037963867,
        0.4656417965888977,
        0.6189974546432495,
        0.794470489025116,
        0.6858456134796143,
        -0.0916934609413147,
        0.8274210095405579,
        0.6624302864074707,
        0.7893641591072083,
        0.6761983036994934,
        0.930602490901947
      ]
    }
  }
}