{
  "timestamp": "2025-12-19T11:00:23.855959+00:00",
  "h": 15,
  "use_gpu": false,
  "results": {
    "TimeLLM": {
      "rmse": 1.0123921179897735,
      "sign_mismatch": 0.3333333333333333,
      "pred": [
        2.0814921855926514,
        0.35181230306625366,
        -0.8440117239952087,
        0.3931586742401123,
        -0.8189725279808044,
        -1.3672869205474854,
        1.5018773078918457,
        1.2398390769958496,
        -0.35067304968833923,
        -2.248491048812866,
        -1.3041889667510986,
        -0.5873432159423828,
        -0.06890836358070374,
        -0.3889846205711365,
        -0.3193036913871765
      ]
    },
    "PatchTST": {
      "rmse": 0.7531855794252091,
      "sign_mismatch": 0.3333333333333333,
      "pred": [
        -0.12055566906929016,
        -0.32571855187416077,
        -0.7685371041297913,
        -0.6061092019081116,
        -0.49293068051338196,
        -0.726140022277832,
        0.017387986183166504,
        -0.4697570204734802,
        -0.5910504460334778,
        -0.38139137625694275,
        -0.9600566625595093,
        -0.8585218191146851,
        -0.7260871529579163,
        -0.8749697208404541,
        -0.9363198280334473
      ]
    }
  }
}