{
  "timestamp": "2025-12-19T10:59:58.967427+00:00",
  "h": 13,
  "use_gpu": false,
  "results": {
    "TimeLLM": {
      "rmse": 2.00300103606325,
      "sign_mismatch": 0.6153846153846154,
      "pred": [
        3.3955330848693848,
        2.384708881378174,
        -2.6330208778381348,
        0.1804702877998352,
        0.9704126715660095,
        0.628296434879303,
        0.9501962065696716,
        -1.7894198894500732,
        -3.699936628341675,
        -2.705817699432373,
        2.368144989013672,
        0.03184059262275696,
        -0.8573811650276184
      ]
    },
    "PatchTST": {
      "rmse": 0.8166939908035877,
      "sign_mismatch": 0.5384615384615384,
      "pred": [
        0.054759442806243896,
        0.20289435982704163,
        0.3280022442340851,
        0.5111300945281982,
        0.24553173780441284,
        0.3531969487667084,
        -0.08181780576705933,
        0.5729779601097107,
        -0.32529276609420776,
        0.1707216203212738,
        0.47124338150024414,
        0.36940276622772217,
        0.44120216369628906
      ]
    }
  }
}