{
  "timestamp": "2025-12-19T10:59:20.154096+00:00",
  "h": 10,
  "use_gpu": false,
  "results": {
    "TimeLLM": {
      "rmse": 0.7510367576516992,
      "sign_mismatch": 0.4,
      "pred": [
        -0.9092608690261841,
        -0.5632151365280151,
        -0.0738300085067749,
        -0.5901731252670288,
        -0.5486642122268677,
        -1.6536636352539062,
        -0.2746492028236389,
        0.6653257608413696,
        0.05861613154411316,
        -0.04746510088443756
      ]
    },
    "PatchTST": {
      "rmse": 1.091906585739254,
      "sign_mismatch": 0.4,
      "pred": [
        -1.1218373775482178,
        -0.8465930223464966,
        -0.8409508466720581,
        -1.400139570236206,
        -1.2188975811004639,
        -1.2917864322662354,
        -1.023466944694519,
        -1.119184136390686,
        -0.23957765102386475,
        -1.114650011062622
      ]
    }
  }
}