{
  "timestamp": "2025-12-19T10:59:32.972243+00:00",
  "h": 11,
  "use_gpu": false,
  "results": {
    "TimeLLM": {
      "rmse": 1.2007893051331888,
      "sign_mismatch": 0.7272727272727273,
      "pred": [
        0.3396161198616028,
        0.17941051721572876,
        -0.7852990627288818,
        -0.2224331498146057,
        -0.12330848723649979,
        -1.0263149738311768,
        0.8679906725883484,
        0.8696011304855347,
        -0.5177577137947083,
        -0.6751477122306824,
        -1.1341618299484253
      ]
    },
    "PatchTST": {
      "rmse": 0.7154310060642202,
      "sign_mismatch": 0.2727272727272727,
      "pred": [
        -0.8632318377494812,
        -0.5996263027191162,
        -0.5769472122192383,
        -0.8637223839759827,
        -0.616446852684021,
        -0.8766216039657593,
        -0.6092960834503174,
        -0.7331075668334961,
        0.039801061153411865,
        -0.4360991418361664,
        -0.6589091420173645
      ]
    }
  }
}