{
  "timestamp": "2025-12-19T10:59:07.857863+00:00",
  "h": 9,
  "use_gpu": false,
  "results": {
    "TimeLLM": {
      "rmse": 1.1689573970246379,
      "sign_mismatch": 0.6666666666666666,
      "pred": [
        -0.6975021362304688,
        0.11008790135383606,
        -0.5644265413284302,
        -0.48602962493896484,
        0.5000911355018616,
        -2.2970588207244873,
        0.29944372177124023,
        1.2913131713867188,
        -0.722312331199646
      ]
    },
    "PatchTST": {
      "rmse": 0.5602477261819028,
      "sign_mismatch": 0.2222222222222222,
      "pred": [
        0.20408928394317627,
        -0.07136642932891846,
        -0.06990870833396912,
        -0.14000950753688812,
        -0.44221988320350647,
        -0.06835298240184784,
        0.00892728567123413,
        -0.12632441520690918,
        -0.28336283564567566
      ]
    }
  }
}