{
  "timestamp": "2025-12-23T05:36:09.857766+00:00",
  "h": 10,
  "use_gpu": false,
  "results": {
    "TimeLLM": {
      "rmse": 0.5320365117696031,
      "sign_mismatch": 0.4,
      "pred": [
        0.09778505563735962,
        -0.7670084238052368,
        0.19528692960739136,
        -0.014437854290008545,
        -1.0115667581558228,
        0.8376097679138184,
        -0.8285272717475891,
        -0.48070192337036133,
        -0.17961901426315308,
        -0.23696637153625488
      ]
    },
    "PatchTST": {
      "rmse": 0.46494067767403763,
      "sign_mismatch": 0.3,
      "pred": [
        -0.2153032124042511,
        -0.21288418769836426,
        -0.31705138087272644,
        -0.35570138692855835,
        -0.3186831474304199,
        -0.21836437284946442,
        -0.3254410922527313,
        -0.25636354088783264,
        -0.30814263224601746,
        -0.37871891260147095
      ]
    }
  }
}