{
  "timestamp": "2025-12-23T05:36:32.743760+00:00",
  "h": 12,
  "use_gpu": false,
  "results": {
    "TimeLLM": {
      "rmse": 0.9549243550503288,
      "sign_mismatch": 0.5833333333333334,
      "pred": [
        0.5848816633224487,
        -1.0030697584152222,
        0.5314713716506958,
        0.16635972261428833,
        -1.0391669273376465,
        1.6361663341522217,
        -1.1410424709320068,
        -0.6152525544166565,
        0.21198713779449463,
        -0.05794063210487366,
        0.7730855941772461,
        -0.7478617429733276
      ]
    },
    "PatchTST": {
      "rmse": 0.4530235192700338,
      "sign_mismatch": 0.25,
      "pred": [
        -0.5307931900024414,
        -0.6092144250869751,
        -0.36813613772392273,
        -0.19382748007774353,
        -0.4137369990348816,
        -0.3981288969516754,
        -0.3965764343738556,
        -0.43415388464927673,
        -0.6830366849899292,
        -0.30577102303504944,
        -0.6290372014045715,
        -0.36080536246299744
      ]
    }
  }
}