{
  "timestamp": "2025-12-23T05:38:04.713969+00:00",
  "h": 12,
  "use_gpu": false,
  "results": {
    "TimeLLM": {
      "rmse": 1.4236990060301327,
      "sign_mismatch": 0.4166666666666667,
      "pred": [
        0.284403920173645,
        -1.2288572788238525,
        1.6057720184326172,
        0.818229615688324,
        -0.5083282589912415,
        1.8104798793792725,
        1.008512020111084,
        0.8306047916412354,
        0.4667585790157318,
        0.8000563979148865,
        1.659417748451233,
        0.987626850605011
      ]
    },
    "PatchTST": {
      "rmse": 1.3952321865059438,
      "sign_mismatch": 0.3333333333333333,
      "pred": [
        -0.4061695635318756,
        -0.14328062534332275,
        -0.048324182629585266,
        0.44777143001556396,
        -0.0493316575884819,
        -0.13618789613246918,
        0.046048812568187714,
        -0.13765838742256165,
        -0.5265419483184814,
        0.2180294692516327,
        -0.4354085624217987,
        -0.04561137035489082
      ]
    }
  }
}