{
  "timestamp": "2025-12-23T05:37:54.181465+00:00",
  "h": 11,
  "use_gpu": false,
  "results": {
    "TimeLLM": {
      "rmse": 2.7373144769114512,
      "sign_mismatch": 0.5454545454545454,
      "pred": [
        1.9200639724731445,
        -0.9444316625595093,
        1.8603500127792358,
        1.7305116653442383,
        -0.5907707214355469,
        5.348977088928223,
        -0.2839176654815674,
        0.7434176206588745,
        2.1405789852142334,
        0.5100217461585999,
        2.560565233230591
      ]
    },
    "PatchTST": {
      "rmse": 2.450827254888234,
      "sign_mismatch": 0.6363636363636364,
      "pred": [
        1.7885349988937378,
        1.2656941413879395,
        1.5608638525009155,
        1.6878725290298462,
        1.371737003326416,
        1.9628643989562988,
        1.486696481704712,
        1.973752498626709,
        0.5185147523880005,
        1.7213295698165894,
        0.9049245119094849
      ]
    }
  }
}