{
  "timestamp": "2025-12-23T05:38:26.011989+00:00",
  "h": 14,
  "use_gpu": false,
  "results": {
    "TimeLLM": {
      "rmse": 1.577266165908433,
      "sign_mismatch": 0.6428571428571429,
      "pred": [
        1.6488460302352905,
        0.2043568193912506,
        1.0382801294326782,
        -0.8386086821556091,
        -0.48316681385040283,
        0.8345054984092712,
        -0.11134006083011627,
        -0.6344068050384521,
        -0.7142720222473145,
        0.1921629160642624,
        0.9190953969955444,
        -1.2818801403045654,
        -0.07505957782268524,
        -0.5146477818489075
      ]
    },
    "PatchTST": {
      "rmse": 1.342254049844964,
      "sign_mismatch": 0.42857142857142855,
      "pred": [
        -0.3111242651939392,
        0.6408807039260864,
        -0.14033125340938568,
        -0.1469157189130783,
        -0.08263471722602844,
        -0.31530651450157166,
        -0.19289511442184448,
        -0.607028603553772,
        0.15388616919517517,
        -0.10057058930397034,
        0.1625085175037384,
        -0.24874763190746307,
        -0.302328884601593,
        -0.04507631063461304
      ]
    }
  }
}