{
  "timestamp": "2025-12-23T05:37:21.387381+00:00",
  "h": 8,
  "use_gpu": false,
  "results": {
    "TimeLLM": {
      "rmse": 1.8639653692949318,
      "sign_mismatch": 0.625,
      "pred": [
        0.8810195326805115,
        -1.3365206718444824,
        0.0554974228143692,
        -1.2474942207336426,
        0.13745324313640594,
        -0.014841407537460327,
        -0.28982770442962646,
        -0.7044596672058105
      ]
    },
    "PatchTST": {
      "rmse": 1.4535217015493387,
      "sign_mismatch": 0.5,
      "pred": [
        0.11384226381778717,
        0.12097930908203125,
        -0.6556758284568787,
        -0.035890210419893265,
        0.13447463512420654,
        0.10153237730264664,
        -0.16403156518936157,
        -0.01729695126414299
      ]
    }
  }
}