{
  "timestamp": "2025-12-23T05:36:45.111721+00:00",
  "h": 13,
  "use_gpu": false,
  "results": {
    "TimeLLM": {
      "rmse": 1.2253690432575628,
      "sign_mismatch": 0.3076923076923077,
      "pred": [
        -0.9633277654647827,
        -2.462542772293091,
        0.1396467089653015,
        -1.4850856065750122,
        -0.18438810110092163,
        -2.1445159912109375,
        1.4116626977920532,
        -0.3714653551578522,
        -1.3448842763900757,
        -0.7704606056213379,
        -0.4099685251712799,
        -0.1552417278289795,
        0.4232212007045746
      ]
    },
    "PatchTST": {
      "rmse": 0.5476575009404867,
      "sign_mismatch": 0.23076923076923078,
      "pred": [
        -0.5275716781616211,
        -0.6208161115646362,
        -0.6012723445892334,
        -0.3751186728477478,
        -0.5168582201004028,
        -0.5999844074249268,
        -0.5377814173698425,
        -0.5079537034034729,
        -0.679870069026947,
        -0.37541186809539795,
        -0.638881504535675,
        -0.5124932527542114,
        -0.5234128832817078
      ]
    }
  }
}