{
  "timestamp": "2025-12-23T05:40:32.838340+00:00",
  "h": 9,
  "use_gpu": false,
  "results": {
    "TimeLLM": {
      "rmse": 2.3421435009335663,
      "sign_mismatch": 0.8888888888888888,
      "pred": [
        0.3315761685371399,
        -0.8055030107498169,
        0.08171778917312622,
        1.3470990657806396,
        -1.7120875120162964,
        4.035424709320068,
        -2.2929868698120117,
        -0.7612455487251282,
        1.073646068572998
      ]
    },
    "PatchTST": {
      "rmse": 0.8091877076898653,
      "sign_mismatch": 0.3333333333333333,
      "pred": [
        -0.7359693646430969,
        -0.6813761591911316,
        -0.46657395362854004,
        -0.8177245855331421,
        -0.8201390504837036,
        -0.6441311240196228,
        -0.8343474268913269,
        -0.648632824420929,
        -0.7668178081512451
      ]
    }
  }
}