{
  "timestamp": "2025-12-23T05:40:21.823952+00:00",
  "h": 8,
  "use_gpu": false,
  "results": {
    "TimeLLM": {
      "rmse": 1.1294725840568451,
      "sign_mismatch": 0.375,
      "pred": [
        -0.306617796421051,
        -0.49440306425094604,
        -0.9805642366409302,
        -1.817246437072754,
        -0.8838117122650146,
        -1.1837129592895508,
        -1.0448719263076782,
        -1.4452273845672607
      ]
    },
    "PatchTST": {
      "rmse": 1.0556942220261796,
      "sign_mismatch": 0.375,
      "pred": [
        -0.7783007621765137,
        -0.67689049243927,
        -1.0831165313720703,
        -1.2189679145812988,
        -0.9403709769248962,
        -1.0619621276855469,
        -1.160524606704712,
        -1.0082879066467285
      ]
    }
  }
}