{
  "timestamp": "2025-12-23T05:40:57.120895+00:00",
  "h": 11,
  "use_gpu": false,
  "results": {
    "TimeLLM": {
      "rmse": 1.2162311827091457,
      "sign_mismatch": 0.5454545454545454,
      "pred": [
        0.47474873065948486,
        -0.24992579221725464,
        -0.05149763822555542,
        -0.48562943935394287,
        -1.018671989440918,
        1.4368455410003662,
        -1.145674705505371,
        -1.0451316833496094,
        -0.16323786973953247,
        -0.48524996638298035,
        0.2819708585739136
      ]
    },
    "PatchTST": {
      "rmse": 0.7224323022089858,
      "sign_mismatch": 0.45454545454545453,
      "pred": [
        -0.3427984118461609,
        -0.34742796421051025,
        -0.4087129831314087,
        0.13158366084098816,
        -0.23121753334999084,
        0.023481816053390503,
        -0.06910444796085358,
        -0.0593402162194252,
        -0.8743236064910889,
        -0.06364729255437851,
        -0.6373896598815918
      ]
    }
  }
}