{
  "timestamp": "2025-12-23T05:39:37.111201+00:00",
  "h": 12,
  "use_gpu": false,
  "results": {
    "TimeLLM": {
      "rmse": 1.2398566270531846,
      "sign_mismatch": 0.5,
      "pred": [
        0.3836308419704437,
        -1.2372585535049438,
        1.0916688442230225,
        0.11076018214225769,
        -1.2781195640563965,
        1.574353814125061,
        -0.48848631978034973,
        -0.3688409924507141,
        -0.2747742831707001,
        0.03814998269081116,
        1.2083158493041992,
        -0.5553622245788574
      ]
    },
    "PatchTST": {
      "rmse": 0.7112377134243846,
      "sign_mismatch": 0.25,
      "pred": [
        -0.4403418004512787,
        -0.5355302095413208,
        -0.21121615171432495,
        0.11009372770786285,
        -0.2700572609901428,
        -0.17689301073551178,
        -0.20378746092319489,
        -0.2941393256187439,
        -0.7120251059532166,
        -0.10687108337879181,
        -0.5817378163337708,
        -0.16634510457515717
      ]
    }
  }
}