{
  "timestamp": "2025-12-23T05:42:54.278001+00:00",
  "h": 13,
  "use_gpu": false,
  "results": {
    "TimeLLM": {
      "rmse": 0.9832023758451094,
      "sign_mismatch": 0.6923076923076923,
      "pred": [
        0.4002104699611664,
        0.15457534790039062,
        0.5262253284454346,
        0.6320987939834595,
        -0.8510609865188599,
        2.367546558380127,
        -0.6903963685035706,
        -0.1929968297481537,
        0.6648225784301758,
        0.3938685953617096,
        0.9299787282943726,
        -0.04816913604736328,
        -1.1945836544036865
      ]
    },
    "PatchTST": {
      "rmse": 0.5654438551632426,
      "sign_mismatch": 0.23076923076923078,
      "pred": [
        -0.49905356764793396,
        -0.5987598299980164,
        -0.5719497799873352,
        -0.3192819356918335,
        -0.48195621371269226,
        -0.5769017338752747,
        -0.4999481439590454,
        -0.4718432128429413,
        -0.6643761992454529,
        -0.30808860063552856,
        -0.6141163110733032,
        -0.46948888897895813,
        -0.4920027554035187
      ]
    }
  }
}