{
  "timestamp": "2025-12-23T05:43:06.710982+00:00",
  "h": 14,
  "use_gpu": false,
  "results": {
    "TimeLLM": {
      "rmse": 0.699783877807901,
      "sign_mismatch": 0.5,
      "pred": [
        0.5159847736358643,
        -0.6449152231216431,
        0.5284051895141602,
        0.013096734881401062,
        -0.5255839824676514,
        1.0380882024765015,
        -0.2675306797027588,
        -0.2635953426361084,
        0.056874483823776245,
        0.057520270347595215,
        0.47441673278808594,
        -0.31314051151275635,
        -0.6483904719352722,
        0.261735737323761
      ]
    },
    "PatchTST": {
      "rmse": 0.8249069963264469,
      "sign_mismatch": 0.21428571428571427,
      "pred": [
        -1.063084363937378,
        -0.7895990610122681,
        -0.8921322822570801,
        -0.8269901871681213,
        -0.708771824836731,
        -1.0597048997879028,
        -0.9746271371841431,
        -1.1635946035385132,
        -0.6291574239730835,
        -0.840772271156311,
        -0.8289636969566345,
        -0.8625298738479614,
        -1.0395225286483765,
        -0.6756436824798584
      ]
    }
  }
}