{
  "timestamp": "2025-12-23T05:42:29.335224+00:00",
  "h": 11,
  "use_gpu": false,
  "results": {
    "TimeLLM": {
      "rmse": 0.632600270891769,
      "sign_mismatch": 0.36363636363636365,
      "pred": [
        -0.012363642454147339,
        -0.5429144501686096,
        -0.14074459671974182,
        -0.5738435983657837,
        -0.6962770819664001,
        0.191226989030838,
        -0.4562733471393585,
        -0.7929753065109253,
        -0.4402889013290405,
        -0.4191352128982544,
        -0.08172518014907837
      ]
    },
    "PatchTST": {
      "rmse": 0.5372604422503426,
      "sign_mismatch": 0.2727272727272727,
      "pred": [
        -0.32687079906463623,
        -0.47272422909736633,
        -0.19504240155220032,
        -0.34174591302871704,
        -0.3546225428581238,
        -0.24887560307979584,
        -0.3995733857154846,
        -0.2676602005958557,
        -0.5066515803337097,
        -0.23206695914268494,
        -0.4635520577430725
      ]
    }
  }
}