{
  "timestamp": "2025-12-23T06:52:20.769717+00:00",
  "h": 12,
  "use_gpu": false,
  "results": {
    "TimeLLM": {
      "rmse": 0.529202933194269,
      "sign_mismatch": 0.3333333333333333,
      "pred": [
        0.0012455284595489502,
        -0.12190920114517212,
        -0.787741482257843,
        -0.3911324143409729,
        -0.5072484612464905,
        -0.45864078402519226,
        -0.3221445679664612,
        -0.2179703712463379,
        -0.9265845417976379,
        -0.6627075672149658,
        -0.2541006803512573,
        -0.2348019927740097
      ]
    },
    "PatchTST": {
      "rmse": 0.4787857923370528,
      "sign_mismatch": 0.25,
      "pred": [
        -0.3631712794303894,
        -0.39174482226371765,
        -0.44438084959983826,
        -0.36200299859046936,
        -0.5065564513206482,
        -0.4517197608947754,
        -0.4156988263130188,
        -0.5160707235336304,
        -0.5031773447990417,
        -0.3013083338737488,
        -0.4546195864677429,
        -0.42567944526672363
      ]
    }
  }
}