{
  "timestamp": "2025-12-23T06:52:34.940631+00:00",
  "h": 12,
  "use_gpu": false,
  "results": {
    "TimeLLM": {
      "rmse": 1.808080218144146,
      "sign_mismatch": 0.4166666666666667,
      "pred": [
        0.58281409740448,
        1.1908706426620483,
        -1.0767669677734375,
        -0.07462013512849808,
        0.5259852409362793,
        -1.290667176246643,
        0.7034884095191956,
        0.9490885734558105,
        -1.2894105911254883,
        -0.5126925706863403,
        -1.0174673795700073,
        0.16345085203647614
      ]
    },
    "PatchTST": {
      "rmse": 1.3556049853072796,
      "sign_mismatch": 0.25,
      "pred": [
        0.14386725425720215,
        0.16594746708869934,
        -0.11611254513263702,
        -0.21444615721702576,
        -0.2394809126853943,
        -0.07039615511894226,
        0.035167038440704346,
        -0.15298831462860107,
        -0.05043048411607742,
        0.13184645771980286,
        -0.29640668630599976,
        -0.11368253827095032
      ]
    }
  }
}