{
  "timestamp": "2025-12-23T06:53:00.671700+00:00",
  "h": 12,
  "use_gpu": false,
  "results": {
    "TimeLLM": {
      "rmse": 1.1874648701405708,
      "sign_mismatch": 0.6666666666666666,
      "pred": [
        0.41993290185928345,
        0.002716958522796631,
        -1.631129503250122,
        -0.5037581920623779,
        0.07445305585861206,
        -0.9963669776916504,
        0.39528578519821167,
        -0.1664513349533081,
        -1.458714485168457,
        -1.4948971271514893,
        -1.3275024890899658,
        0.16402459144592285
      ]
    },
    "PatchTST": {
      "rmse": 1.2442109668054722,
      "sign_mismatch": 0.25,
      "pred": [
        -1.4705920219421387,
        -1.1838128566741943,
        -1.284125566482544,
        -1.7546439170837402,
        -1.6711599826812744,
        -1.6220884323120117,
        -1.4426372051239014,
        -1.6966177225112915,
        -0.7935135960578918,
        -1.2418524026870728,
        -1.70946204662323,
        -1.4924861192703247
      ]
    }
  }
}