{
  "timestamp": "2025-12-23T06:52:47.939697+00:00",
  "h": 12,
  "use_gpu": false,
  "results": {
    "TimeLLM": {
      "rmse": 0.9084331180759961,
      "sign_mismatch": 0.5833333333333334,
      "pred": [
        0.5595532655715942,
        0.5198061466217041,
        -1.3202362060546875,
        -0.175859734416008,
        -0.2313109189271927,
        0.10379168391227722,
        -0.3100443482398987,
        -0.14636600017547607,
        -1.5474238395690918,
        -0.946282148361206,
        0.41470006108283997,
        0.212836354970932
      ]
    },
    "PatchTST": {
      "rmse": 0.7379452545669009,
      "sign_mismatch": 0.3333333333333333,
      "pred": [
        -0.20431479811668396,
        -0.26765644550323486,
        -0.33476483821868896,
        -0.1929808109998703,
        -0.4169140160083771,
        -0.31084752082824707,
        -0.32929152250289917,
        -0.375644326210022,
        -0.49534666538238525,
        -0.1392943561077118,
        -0.3278248608112335,
        -0.27588367462158203
      ]
    }
  }
}