{
  "timestamp": "2025-12-23T06:53:50.975851+00:00",
  "h": 12,
  "use_gpu": false,
  "results": {
    "TimeLLM": {
      "rmse": 0.7191200233783365,
      "sign_mismatch": 0.5,
      "pred": [
        0.670229434967041,
        0.15510615706443787,
        -0.821416974067688,
        -0.04318714141845703,
        -0.6656239032745361,
        -0.2568565011024475,
        -0.002958536148071289,
        -0.09455934166908264,
        -0.9172394275665283,
        -1.0916069746017456,
        0.12558165192604065,
        -0.3112686574459076
      ]
    },
    "PatchTST": {
      "rmse": 0.49453256720984695,
      "sign_mismatch": 0.25,
      "pred": [
        -0.307282030582428,
        -0.3448362946510315,
        -0.40637147426605225,
        -0.3189399540424347,
        -0.4795745015144348,
        -0.4161742329597473,
        -0.38519126176834106,
        -0.4874648451805115,
        -0.47004425525665283,
        -0.24371252954006195,
        -0.4163757562637329,
        -0.37755540013313293
      ]
    }
  }
}