{
  "timestamp": "2025-12-23T06:53:38.602814+00:00",
  "h": 12,
  "use_gpu": false,
  "results": {
    "TimeLLM": {
      "rmse": 0.5559694791665623,
      "sign_mismatch": 0.4166666666666667,
      "pred": [
        0.8315814137458801,
        0.008767366409301758,
        -0.24465498328208923,
        0.07284532487392426,
        -0.593885064125061,
        -0.3676525354385376,
        0.4838845133781433,
        0.2658950388431549,
        -0.2525067925453186,
        -0.6992653012275696,
        -0.09640691429376602,
        -0.38090845942497253
      ]
    },
    "PatchTST": {
      "rmse": 0.3000135016827742,
      "sign_mismatch": 0.16666666666666666,
      "pred": [
        -0.08912521600723267,
        -0.11029274016618729,
        -0.1791457235813141,
        -0.0819363221526146,
        -0.16490478813648224,
        -0.1751772165298462,
        -0.10477177053689957,
        -0.18279241025447845,
        -0.1895839124917984,
        -0.02061539888381958,
        -0.17301644384860992,
        -0.14607682824134827
      ]
    }
  }
}