{
  "timestamp": "2025-12-23T06:54:14.843147+00:00",
  "h": 12,
  "use_gpu": false,
  "results": {
    "TimeLLM": {
      "rmse": 0.7353225522671218,
      "sign_mismatch": 0.4166666666666667,
      "pred": [
        0.4340725839138031,
        -0.192018061876297,
        -0.4905259609222412,
        -0.2752317190170288,
        -0.8578927516937256,
        -0.5903241634368896,
        0.06678563356399536,
        -0.17562976479530334,
        -0.6503136157989502,
        -0.9647283554077148,
        -0.13559278845787048,
        -0.592514157295227
      ]
    },
    "PatchTST": {
      "rmse": 0.4731053478357496,
      "sign_mismatch": 0.25,
      "pred": [
        -0.2738536596298218,
        -0.3222644329071045,
        -0.36538153886795044,
        -0.2611376941204071,
        -0.4096340537071228,
        -0.3543180227279663,
        -0.32843026518821716,
        -0.403342604637146,
        -0.4762903153896332,
        -0.22612906992435455,
        -0.3542165160179138,
        -0.3281131088733673
      ]
    }
  }
}