{
  "timestamp": "2025-12-23T06:54:02.533294+00:00",
  "h": 12,
  "use_gpu": false,
  "results": {
    "TimeLLM": {
      "rmse": 0.867018361141245,
      "sign_mismatch": 0.3333333333333333,
      "pred": [
        -1.0258634090423584,
        -0.805029034614563,
        -0.510122537612915,
        -0.8508522510528564,
        -0.8290270566940308,
        -1.427116870880127,
        -0.6366997361183167,
        -0.1312086582183838,
        -0.43556129932403564,
        -0.4970226287841797,
        -1.528977870941162,
        -0.5722222328186035
      ]
    },
    "PatchTST": {
      "rmse": 0.7251780112722204,
      "sign_mismatch": 0.3333333333333333,
      "pred": [
        -0.6502062082290649,
        -0.6473281979560852,
        -0.7625865936279297,
        -0.7083808183670044,
        -0.7924561500549316,
        -0.7923674583435059,
        -0.7111794948577881,
        -0.8586416840553284,
        -0.7192544937133789,
        -0.5680142045021057,
        -0.78224778175354,
        -0.7293837666511536
      ]
    }
  }
}