{
  "timestamp": "2025-12-23T06:53:13.101778+00:00",
  "h": 12,
  "use_gpu": false,
  "results": {
    "TimeLLM": {
      "rmse": 0.7279849676802644,
      "sign_mismatch": 0.4166666666666667,
      "pred": [
        -0.3493528664112091,
        -0.6331756114959717,
        -0.7669867873191833,
        -0.6093824505805969,
        -0.8520333766937256,
        -0.8539533019065857,
        -0.5323774814605713,
        -0.4384016990661621,
        -0.8368527889251709,
        -0.8317981958389282,
        -0.7270374298095703,
        -0.6708869934082031
      ]
    },
    "PatchTST": {
      "rmse": 0.7061350495470123,
      "sign_mismatch": 0.4166666666666667,
      "pred": [
        -0.671678364276886,
        -0.6793022155761719,
        -0.736362636089325,
        -0.7121298909187317,
        -0.8027556538581848,
        -0.7474180459976196,
        -0.7471001744270325,
        -0.7982049584388733,
        -0.7471080422401428,
        -0.651438295841217,
        -0.7851727604866028,
        -0.7404894232749939
      ]
    }
  }
}