{
  "timestamp": "2025-12-23T06:53:25.390890+00:00",
  "h": 12,
  "use_gpu": false,
  "results": {
    "TimeLLM": {
      "rmse": 1.473674521711033,
      "sign_mismatch": 0.5833333333333334,
      "pred": [
        -1.4068628549575806,
        -1.2875317335128784,
        -1.1623798608779907,
        -1.4022949934005737,
        -1.4900192022323608,
        -1.7587518692016602,
        -1.2358665466308594,
        -0.7053374648094177,
        -1.2019575834274292,
        -1.2541800737380981,
        -1.8165106773376465,
        -1.20967698097229
      ]
    },
    "PatchTST": {
      "rmse": 1.1985523220236003,
      "sign_mismatch": 0.5833333333333334,
      "pred": [
        -1.0521070957183838,
        -1.095052719116211,
        -1.1064263582229614,
        -1.0244916677474976,
        -1.1032518148422241,
        -1.0970189571380615,
        -1.056767463684082,
        -1.022670865058899,
        -1.2194023132324219,
        -1.0231332778930664,
        -1.0630531311035156,
        -1.0320653915405273
      ]
    }
  }
}