{
  "timestamp": "2025-12-23T06:55:01.760476+00:00",
  "h": 12,
  "use_gpu": false,
  "results": {
    "TimeLLM": {
      "rmse": 1.5248934350328038,
      "sign_mismatch": 0.3333333333333333,
      "pred": [
        -0.168412446975708,
        -1.2080861330032349,
        -0.5896278023719788,
        -0.8926969766616821,
        -2.0272772312164307,
        -2.0525717735290527,
        -0.5011637806892395,
        0.4376600384712219,
        -0.8456165790557861,
        -1.2937006950378418,
        -1.4327911138534546,
        -1.4896619319915771
      ]
    },
    "PatchTST": {
      "rmse": 1.0867215544549211,
      "sign_mismatch": 0.4166666666666667,
      "pred": [
        -0.5335481762886047,
        -0.6596115827560425,
        -1.0182380676269531,
        -0.7675149440765381,
        -0.5847355723381042,
        -0.8930861949920654,
        -0.4311421513557434,
        -0.6423656344413757,
        -0.9667017459869385,
        -0.43240243196487427,
        -0.6798821687698364,
        -0.5848428010940552
      ]
    }
  }
}