{
  "timestamp": "2025-12-23T06:54:38.849275+00:00",
  "h": 12,
  "use_gpu": false,
  "results": {
    "TimeLLM": {
      "rmse": 0.814385169570025,
      "sign_mismatch": 0.5833333333333334,
      "pred": [
        0.19542261958122253,
        -0.05817851424217224,
        -0.7544140219688416,
        -0.25545215606689453,
        -0.28065019845962524,
        -0.8251985907554626,
        0.18654951453208923,
        0.06011843681335449,
        -0.672238290309906,
        -0.8876419067382812,
        -0.8337011337280273,
        -0.18894965946674347
      ]
    },
    "PatchTST": {
      "rmse": 0.6670027335655819,
      "sign_mismatch": 0.3333333333333333,
      "pred": [
        -0.6148102879524231,
        -0.5777971744537354,
        -0.6082270741462708,
        -0.6727424263954163,
        -0.7451576590538025,
        -0.7037603855133057,
        -0.6551737785339355,
        -0.7661475539207458,
        -0.4337143898010254,
        -0.5558585524559021,
        -0.7088691592216492,
        -0.6705518960952759
      ]
    }
  }
}