{
  "timestamp": "2025-12-23T06:54:49.855741+00:00",
  "h": 12,
  "use_gpu": false,
  "results": {
    "TimeLLM": {
      "rmse": 0.7896084737787553,
      "sign_mismatch": 0.6666666666666666,
      "pred": [
        -0.6133201122283936,
        -0.3688012957572937,
        -0.05115041881799698,
        -0.39905282855033875,
        -0.36320504546165466,
        -1.0191012620925903,
        -0.153915137052536,
        0.35187777876853943,
        0.041781455278396606,
        0.0020329803228378296,
        -1.1427980661392212,
        -0.10146026313304901
      ]
    },
    "PatchTST": {
      "rmse": 0.45366106621290825,
      "sign_mismatch": 0.4166666666666667,
      "pred": [
        -0.19313015043735504,
        -0.19058184325695038,
        -0.45028334856033325,
        -0.3109796941280365,
        -0.23423302173614502,
        -0.43316832184791565,
        -0.15192559361457825,
        -0.3789297640323639,
        -0.23013189435005188,
        -0.1351943016052246,
        -0.380770206451416,
        -0.3031980097293854
      ]
    }
  }
}