{
  "timestamp": "2025-12-23T06:55:14.380310+00:00",
  "h": 12,
  "use_gpu": false,
  "results": {
    "TimeLLM": {
      "rmse": 0.8697477992445256,
      "sign_mismatch": 0.5,
      "pred": [
        0.20221692323684692,
        -0.15475447475910187,
        0.41897112131118774,
        -0.29373228549957275,
        -1.1355876922607422,
        -0.7852522134780884,
        -0.14240328967571259,
        0.27896758913993835,
        -0.07642164081335068,
        -0.18533387780189514,
        -0.03873729333281517,
        -0.957064688205719
      ]
    },
    "PatchTST": {
      "rmse": 0.6732234755415422,
      "sign_mismatch": 0.25,
      "pred": [
        -0.5548899173736572,
        -0.4191039204597473,
        -0.783294677734375,
        -0.8131841421127319,
        -0.5596389174461365,
        -0.8852194547653198,
        -0.46443474292755127,
        -0.855036735534668,
        -0.21501487493515015,
        -0.3565146327018738,
        -0.6747884750366211,
        -0.5983608365058899
      ]
    }
  }
}