{
  "timestamp": "2025-12-23T06:54:26.358615+00:00",
  "h": 12,
  "use_gpu": false,
  "results": {
    "TimeLLM": {
      "rmse": 1.041697552572377,
      "sign_mismatch": 0.5,
      "pred": [
        -1.2441728115081787,
        -1.0448360443115234,
        0.1591126024723053,
        -0.882776141166687,
        -1.5047765970230103,
        -1.2546671628952026,
        -0.7194464206695557,
        0.37444040179252625,
        0.30316951870918274,
        0.48174849152565,
        -0.9948970079421997,
        -1.0592286586761475
      ]
    },
    "PatchTST": {
      "rmse": 0.5654355448501293,
      "sign_mismatch": 0.3333333333333333,
      "pred": [
        -0.4473569691181183,
        -0.40692490339279175,
        -0.6355710625648499,
        -0.6348334550857544,
        -0.5255470871925354,
        -0.6655663251876831,
        -0.4560452699661255,
        -0.6727372407913208,
        -0.49907758831977844,
        -0.36206018924713135,
        -0.6141708493232727,
        -0.5432030558586121
      ]
    }
  }
}