{
  "timestamp": "2025-12-23T06:52:08.141737+00:00",
  "h": 12,
  "use_gpu": false,
  "results": {
    "TimeLLM": {
      "rmse": 1.2905549476430334,
      "sign_mismatch": 0.3333333333333333,
      "pred": [
        0.7372257709503174,
        0.9830257892608643,
        -0.9284840822219849,
        -0.24636808037757874,
        0.5017276406288147,
        0.23347407579421997,
        -0.27007123827934265,
        0.3339294195175171,
        -0.9410314559936523,
        0.6558104753494263,
        0.9400534629821777,
        0.7120361328125
      ]
    },
    "PatchTST": {
      "rmse": 1.8651918792283422,
      "sign_mismatch": 0.75,
      "pred": [
        -0.7165404558181763,
        -0.3645307421684265,
        -0.350566565990448,
        -1.0135968923568726,
        -0.7846369743347168,
        -0.7275214791297913,
        -0.6759148240089417,
        -0.8679119944572449,
        0.11269885301589966,
        -0.4889862835407257,
        -0.9091439247131348,
        -0.7128506898880005
      ]
    }
  }
}