{
  "timestamp": "2025-12-23T06:55:48.740835+00:00",
  "h": 12,
  "use_gpu": false,
  "results": {
    "TimeLLM": {
      "rmse": 1.6070473596709998,
      "sign_mismatch": 0.6666666666666666,
      "pred": [
        0.4738612174987793,
        0.7953572273254395,
        -0.2847480773925781,
        0.1032034307718277,
        0.5478030443191528,
        -0.732232928276062,
        1.2559012174606323,
        1.1015056371688843,
        -0.2002945989370346,
        -0.3660809397697449,
        -0.9437991976737976,
        0.49391770362854004
      ]
    },
    "PatchTST": {
      "rmse": 1.1034159473971004,
      "sign_mismatch": 0.6666666666666666,
      "pred": [
        -0.3982447385787964,
        -0.1401999592781067,
        -0.44114717841148376,
        -0.5958163142204285,
        -0.1496739387512207,
        -0.5659251809120178,
        -0.19457527995109558,
        -0.44969412684440613,
        0.21601131558418274,
        -0.027199536561965942,
        -0.27208900451660156,
        -0.24867191910743713
      ]
    }
  }
}