{
  "timestamp": "2025-12-23T06:55:59.676281+00:00",
  "h": 12,
  "use_gpu": false,
  "results": {
    "TimeLLM": {
      "rmse": 0.8986874988349337,
      "sign_mismatch": 0.25,
      "pred": [
        0.7869383096694946,
        0.0015263408422470093,
        -0.5651810765266418,
        -0.16624173521995544,
        -0.5460684299468994,
        -0.5165171027183533,
        0.43247002363204956,
        0.2464613914489746,
        -0.4848874807357788,
        -1.0630574226379395,
        -0.36057576537132263,
        -0.4257565140724182
      ]
    },
    "PatchTST": {
      "rmse": 1.009612394267842,
      "sign_mismatch": 0.6666666666666666,
      "pred": [
        0.2030322551727295,
        0.2558731734752655,
        0.34949520230293274,
        0.4690706431865692,
        0.10844525694847107,
        0.3996177911758423,
        0.1810896098613739,
        0.48356005549430847,
        -0.2927849590778351,
        0.19870558381080627,
        0.1537473201751709,
        0.23438987135887146
      ]
    }
  }
}