{
  "timestamp": "2025-12-23T06:56:11.265093+00:00",
  "h": 12,
  "use_gpu": false,
  "results": {
    "TimeLLM": {
      "rmse": 1.0896656994969645,
      "sign_mismatch": 0.5,
      "pred": [
        -0.4386780261993408,
        -0.08424937725067139,
        0.4167965352535248,
        -0.04908075928688049,
        -0.06674885749816895,
        -1.0711970329284668,
        0.3834940791130066,
        1.3260488510131836,
        0.6291705965995789,
        0.4470979571342468,
        -1.5094599723815918,
        0.13639909029006958
      ]
    },
    "PatchTST": {
      "rmse": 1.5612177844365618,
      "sign_mismatch": 0.6666666666666666,
      "pred": [
        1.184471845626831,
        1.1581611633300781,
        1.2809991836547852,
        1.564346432685852,
        1.1916759014129639,
        1.4119254350662231,
        1.2458051443099976,
        1.647864818572998,
        0.14529287815093994,
        1.3334680795669556,
        1.211151123046875,
        1.3751318454742432
      ]
    }
  }
}