{
  "timestamp": "2025-12-23T06:51:44.703426+00:00",
  "h": 12,
  "use_gpu": false,
  "results": {
    "TimeLLM": {
      "rmse": 1.0220292473014325,
      "sign_mismatch": 0.5,
      "pred": [
        0.1981889307498932,
        -0.5789169669151306,
        -0.4236736595630646,
        -0.43239232897758484,
        -1.3137456178665161,
        -0.14125582575798035,
        -0.5059447288513184,
        -0.638036847114563,
        -0.4452696442604065,
        -0.5285805463790894,
        0.6169109344482422,
        -1.1754873991012573
      ]
    },
    "PatchTST": {
      "rmse": 0.8853178379069421,
      "sign_mismatch": 0.5,
      "pred": [
        -0.25551265478134155,
        -0.3276025950908661,
        -0.37999922037124634,
        -0.255418062210083,
        -0.3266358971595764,
        -0.3489101231098175,
        -0.2741345763206482,
        -0.20758232474327087,
        -0.48566368222236633,
        -0.22132417559623718,
        -0.29414933919906616,
        -0.261588454246521
      ]
    }
  }
}