{
  "timestamp": "2025-12-23T06:51:56.163833+00:00",
  "h": 12,
  "use_gpu": false,
  "results": {
    "TimeLLM": {
      "rmse": 1.2588692945301345,
      "sign_mismatch": 0.6666666666666666,
      "pred": [
        0.4294712245464325,
        0.06197795271873474,
        -0.8969496488571167,
        -0.27490895986557007,
        -0.6057918071746826,
        -0.6141128540039062,
        0.037728190422058105,
        -0.1585773229598999,
        -1.2530490159988403,
        -1.1851141452789307,
        -0.2264317125082016,
        -0.3934158682823181
      ]
    },
    "PatchTST": {
      "rmse": 0.9473090103677174,
      "sign_mismatch": 0.4166666666666667,
      "pred": [
        -0.26398608088493347,
        -0.33801183104515076,
        -0.39613133668899536,
        -0.2638968825340271,
        -0.338600218296051,
        -0.3604208827018738,
        -0.2853868007659912,
        -0.20133377611637115,
        -0.5087053179740906,
        -0.22979605197906494,
        -0.3040914535522461,
        -0.2655833661556244
      ]
    }
  }
}