{
  "timestamp": "2025-12-23T06:55:26.587269+00:00",
  "h": 12,
  "use_gpu": false,
  "results": {
    "TimeLLM": {
      "rmse": 1.0586729121714291,
      "sign_mismatch": 0.4166666666666667,
      "pred": [
        -1.104179859161377,
        -0.76967453956604,
        -0.35600581765174866,
        -0.8400884866714478,
        -0.7922680377960205,
        -1.6726164817810059,
        -0.5373530387878418,
        0.19299715757369995,
        -0.22671189904212952,
        -0.3148677945137024,
        -1.834346890449524,
        -0.4415714740753174
      ]
    },
    "PatchTST": {
      "rmse": 0.703670188216952,
      "sign_mismatch": 0.5,
      "pred": [
        -0.4903794825077057,
        -0.517396092414856,
        -0.7238664031028748,
        -0.6071354746818542,
        -0.4939795434474945,
        -0.6450315117835999,
        -0.5258409976959229,
        -0.5029525756835938,
        -0.5852888822555542,
        -0.3719651699066162,
        -0.5126714110374451,
        -0.4526066184043884
      ]
    }
  }
}