{
  "timestamp": "2025-12-23T06:55:38.251240+00:00",
  "h": 12,
  "use_gpu": false,
  "results": {
    "TimeLLM": {
      "rmse": 1.1920578687950008,
      "sign_mismatch": 0.5833333333333334,
      "pred": [
        -0.6463198661804199,
        -0.32047420740127563,
        0.057146117091178894,
        -0.39176711440086365,
        -0.36268356442451477,
        -1.1489043235778809,
        -0.1051851212978363,
        0.5609340667724609,
        0.15789444744586945,
        0.09158557653427124,
        -1.2976994514465332,
        -0.05044866353273392
      ]
    },
    "PatchTST": {
      "rmse": 1.2258732112621984,
      "sign_mismatch": 0.4166666666666667,
      "pred": [
        -0.9502366781234741,
        -0.6598362326622009,
        -0.9710268974304199,
        -1.1481884717941284,
        -0.8017557859420776,
        -1.1201305389404297,
        -0.8171843886375427,
        -1.038231611251831,
        -0.19616591930389404,
        -0.6324411630630493,
        -0.9259942173957825,
        -0.8202722668647766
      ]
    }
  }
}