{
  "timestamp": "2025-12-23T05:36:57.504386+00:00",
  "h": 14,
  "use_gpu": false,
  "results": {
    "TimeLLM": {
      "rmse": 0.8073292244959198,
      "sign_mismatch": 0.5,
      "pred": [
        0.35124146938323975,
        -1.1293798685073853,
        0.7082931399345398,
        0.13213734328746796,
        -0.6317444443702698,
        1.1597521305084229,
        -0.035831376910209656,
        -0.2678968906402588,
        0.06463010609149933,
        0.04109196364879608,
        0.995400071144104,
        -0.15764273703098297,
        -0.8871463537216187,
        0.9633305072784424
      ]
    },
    "PatchTST": {
      "rmse": 0.7714084838371311,
      "sign_mismatch": 0.21428571428571427,
      "pred": [
        -1.0005552768707275,
        -0.7797136902809143,
        -0.8527090549468994,
        -0.8173149824142456,
        -0.7098236083984375,
        -1.0235635042190552,
        -0.9443230628967285,
        -1.10250985622406,
        -0.6622445583343506,
        -0.8064306974411011,
        -0.8287248611450195,
        -0.8483355641365051,
        -1.0076826810836792,
        -0.6774388551712036
      ]
    }
  }
}