{
  "timestamp": "2025-12-23T05:37:09.674646+00:00",
  "h": 15,
  "use_gpu": false,
  "results": {
    "TimeLLM": {
      "rmse": 1.0094997320688408,
      "sign_mismatch": 0.7333333333333333,
      "pred": [
        0.730746328830719,
        -0.6719493865966797,
        0.83616703748703,
        0.6070472598075867,
        -0.512662410736084,
        1.6387702226638794,
        -0.39261123538017273,
        -0.086592897772789,
        0.36590346693992615,
        0.09304462373256683,
        1.0734919309616089,
        -0.2599332332611084,
        -1.0035611391067505,
        0.8663390278816223,
        -0.14772360026836395
      ]
    },
    "PatchTST": {
      "rmse": 0.6497752630092364,
      "sign_mismatch": 0.2,
      "pred": [
        -0.7801299095153809,
        -0.6231367588043213,
        -0.8081293702125549,
        -0.7542622089385986,
        -0.5460410118103027,
        -0.8110605478286743,
        -0.7497564554214478,
        -0.9962945580482483,
        -0.34311607480049133,
        -0.9411620497703552,
        -0.540534496307373,
        -0.7487845420837402,
        -0.7872598171234131,
        -0.5377021431922913,
        -0.8721193671226501
      ]
    }
  }
}