{
  "timestamp": "2025-12-23T05:35:57.793286+00:00",
  "h": 9,
  "use_gpu": false,
  "results": {
    "TimeLLM": {
      "rmse": 1.004024688711796,
      "sign_mismatch": 0.4444444444444444,
      "pred": [
        0.40870925784111023,
        -0.8202399015426636,
        0.5499954223632812,
        -0.05384761095046997,
        -0.9457144737243652,
        1.1705039739608765,
        -1.0022377967834473,
        -0.7982255220413208,
        -0.24769580364227295
      ]
    },
    "PatchTST": {
      "rmse": 0.4818238825159589,
      "sign_mismatch": 0.2222222222222222,
      "pred": [
        -0.102442666888237,
        0.055732302367687225,
        -0.135893315076828,
        -0.10789865255355835,
        -0.1602804958820343,
        -0.03227759897708893,
        -0.07431522011756897,
        -0.0952724814414978,
        -0.17588923871517181
      ]
    }
  }
}