{
  "timestamp": "2025-12-23T05:37:42.680976+00:00",
  "h": 10,
  "use_gpu": false,
  "results": {
    "TimeLLM": {
      "rmse": 2.6542660338436437,
      "sign_mismatch": 0.7,
      "pred": [
        2.1297574043273926,
        -2.567357301712036,
        2.5614874362945557,
        -1.0373624563217163,
        -2.136582851409912,
        1.524341344833374,
        -0.5257910490036011,
        -1.7381765842437744,
        -1.3108651638031006,
        -0.2429245412349701
      ]
    },
    "PatchTST": {
      "rmse": 2.210366339597247,
      "sign_mismatch": 0.4,
      "pred": [
        -2.2498061656951904,
        -2.140902519226074,
        -2.1436147689819336,
        -2.0127456188201904,
        -1.5565708875656128,
        -1.6997828483581543,
        -1.9531968832015991,
        -2.656184196472168,
        -0.9921987056732178,
        -2.6999998092651367
      ]
    }
  }
}