{
  "timestamp": "2025-12-23T05:37:31.966561+00:00",
  "h": 9,
  "use_gpu": false,
  "results": {
    "TimeLLM": {
      "rmse": 3.639209735093159,
      "sign_mismatch": 0.4444444444444444,
      "pred": [
        2.396556854248047,
        -1.9541147947311401,
        2.8331942558288574,
        2.7687573432922363,
        -2.084311008453369,
        8.347692489624023,
        -1.6821914911270142,
        0.19949433207511902,
        2.8546483516693115
      ]
    },
    "PatchTST": {
      "rmse": 1.4329800648554567,
      "sign_mismatch": 0.5555555555555556,
      "pred": [
        0.042729154229164124,
        0.48550841212272644,
        0.15891176462173462,
        -0.5975311994552612,
        -0.3702717125415802,
        -0.42575743794441223,
        -0.2737850546836853,
        -0.06310617923736572,
        -0.0778035819530487
      ]
    }
  }
}