{
  "timestamp": "2025-12-23T05:38:15.576164+00:00",
  "h": 13,
  "use_gpu": false,
  "results": {
    "TimeLLM": {
      "rmse": 1.3679110751088792,
      "sign_mismatch": 0.5384615384615384,
      "pred": [
        0.062007054686546326,
        0.40717971324920654,
        0.45331957936286926,
        -0.2747793197631836,
        0.8810157179832458,
        -0.29926544427871704,
        0.5426859855651855,
        0.38624107837677,
        0.11041582375764847,
        0.201878622174263,
        -0.8569626212120056,
        0.2610083222389221,
        0.6595945954322815
      ]
    },
    "PatchTST": {
      "rmse": 1.4064290350834918,
      "sign_mismatch": 0.38461538461538464,
      "pred": [
        -0.7197868824005127,
        -0.8672245740890503,
        -1.038692831993103,
        -0.6995168924331665,
        -0.588621973991394,
        -0.928577184677124,
        -0.9064199328422546,
        -1.001524806022644,
        -0.3759276270866394,
        -0.780531108379364,
        -0.6705156564712524,
        -0.6960745453834534,
        -0.6656007766723633
      ]
    }
  }
}