{
  "timestamp": "2025-12-23T05:38:38.375637+00:00",
  "h": 15,
  "use_gpu": false,
  "results": {
    "TimeLLM": {
      "rmse": 1.7114829212462777,
      "sign_mismatch": 0.6666666666666666,
      "pred": [
        0.3487583100795746,
        -1.4715187549591064,
        0.9969426393508911,
        0.19321498274803162,
        0.7367056608200073,
        -0.28698909282684326,
        1.7961057424545288,
        0.8007038235664368,
        0.07725423574447632,
        -0.18860386312007904,
        0.09539524465799332,
        1.086743950843811,
        0.09062445163726807,
        1.1265262365341187,
        -0.33841145038604736
      ]
    },
    "PatchTST": {
      "rmse": 1.3627289129643994,
      "sign_mismatch": 0.26666666666666666,
      "pred": [
        -0.3794929087162018,
        -0.5654926300048828,
        -0.8235632181167603,
        -1.0879186391830444,
        -0.42334631085395813,
        -0.7914617657661438,
        -1.0123741626739502,
        -1.0304012298583984,
        0.003081798553466797,
        -1.3868294954299927,
        -0.06736916303634644,
        -0.8401127457618713,
        -0.5119648575782776,
        -0.3067522346973419,
        -0.7460412979125977
      ]
    }
  }
}