{
  "timestamp": "2025-12-23T05:36:21.547249+00:00",
  "h": 11,
  "use_gpu": false,
  "results": {
    "TimeLLM": {
      "rmse": 0.7508845022564169,
      "sign_mismatch": 0.2727272727272727,
      "pred": [
        0.30327343940734863,
        -1.4696214199066162,
        0.3985408544540405,
        -0.2725796103477478,
        -0.9279370307922363,
        0.4876158833503723,
        -0.6154299974441528,
        -0.6657980680465698,
        -0.34261780977249146,
        -0.447069376707077,
        0.3300890326499939
      ]
    },
    "PatchTST": {
      "rmse": 0.4982927981182945,
      "sign_mismatch": 0.2727272727272727,
      "pred": [
        -0.28340280055999756,
        -0.4301907420158386,
        -0.18639594316482544,
        -0.3147226870059967,
        -0.33111822605133057,
        -0.21946224570274353,
        -0.36221128702163696,
        -0.2346239537000656,
        -0.4831668436527252,
        -0.21013450622558594,
        -0.4314442276954651
      ]
    }
  }
}