{
  "timestamp": "2025-12-23T05:41:19.751519+00:00",
  "h": 13,
  "use_gpu": false,
  "results": {
    "TimeLLM": {
      "rmse": 1.867073800879924,
      "sign_mismatch": 0.46153846153846156,
      "pred": [
        1.3821287155151367,
        -1.291495442390442,
        1.4699814319610596,
        0.8477033972740173,
        -2.0724637508392334,
        3.4826042652130127,
        -1.469442367553711,
        -0.527055561542511,
        0.4109422564506531,
        0.38358718156814575,
        2.0691001415252686,
        -1.1804797649383545,
        -2.3121111392974854
      ]
    },
    "PatchTST": {
      "rmse": 1.120085729315608,
      "sign_mismatch": 0.23076923076923078,
      "pred": [
        -1.5548734664916992,
        -1.1518062353134155,
        -1.6506177186965942,
        -1.456589698791504,
        -1.3141145706176758,
        -1.5938724279403687,
        -1.4830129146575928,
        -1.9822070598602295,
        -0.8585976958274841,
        -1.5660128593444824,
        -1.1792758703231812,
        -1.5578866004943848,
        -1.6825950145721436
      ]
    }
  }
}