{
  "timestamp": "2025-12-23T05:41:42.861903+00:00",
  "h": 15,
  "use_gpu": false,
  "results": {
    "TimeLLM": {
      "rmse": 1.9815440422733521,
      "sign_mismatch": 0.4666666666666667,
      "pred": [
        1.3850667476654053,
        -0.3472936153411865,
        1.3991608619689941,
        1.588383674621582,
        -1.3722763061523438,
        4.261699676513672,
        -1.3029816150665283,
        -0.12729960680007935,
        1.160552740097046,
        0.6251590251922607,
        2.0765724182128906,
        -0.24562056362628937,
        -2.049410581588745,
        1.5731420516967773,
        -0.9009100198745728
      ]
    },
    "PatchTST": {
      "rmse": 1.1751731741693117,
      "sign_mismatch": 0.8,
      "pred": [
        0.06823861598968506,
        0.1759515106678009,
        0.3558059632778168,
        0.46237045526504517,
        0.15565358102321625,
        0.3703511953353882,
        0.34882357716560364,
        0.35392242670059204,
        -0.15118739008903503,
        0.3563465476036072,
        0.15072201192378998,
        0.15798954665660858,
        -0.007227301597595215,
        0.0769408792257309,
        0.284701943397522
      ]
    }
  }
}