{
  "timestamp": "2025-12-23T05:40:45.466840+00:00",
  "h": 10,
  "use_gpu": false,
  "results": {
    "TimeLLM": {
      "rmse": 1.6034225723152662,
      "sign_mismatch": 0.5,
      "pred": [
        1.3652019500732422,
        -1.5144374370574951,
        1.0805838108062744,
        0.8515527248382568,
        -1.9026541709899902,
        3.1529102325439453,
        -1.7566072940826416,
        -0.9305349588394165,
        0.3256183862686157,
        0.03839010000228882
      ]
    },
    "PatchTST": {
      "rmse": 0.786571564823838,
      "sign_mismatch": 0.3,
      "pred": [
        -0.8091010451316833,
        -1.2202637195587158,
        -0.6152927875518799,
        -0.46206769347190857,
        -0.6700933575630188,
        -0.430591881275177,
        -0.6720330715179443,
        -0.6750945448875427,
        -0.9540284276008606,
        -0.6595689654350281
      ]
    }
  }
}