{
  "timestamp": "2025-12-23T05:41:08.620976+00:00",
  "h": 12,
  "use_gpu": false,
  "results": {
    "TimeLLM": {
      "rmse": 1.042052203327146,
      "sign_mismatch": 0.4166666666666667,
      "pred": [
        0.24564450979232788,
        1.0563812255859375,
        -0.8038160800933838,
        -2.167823314666748,
        -0.5273851156234741,
        -1.1673438549041748,
        -0.6233975887298584,
        -1.630411148071289,
        -1.6773290634155273,
        -0.4642829895019531,
        -0.8830517530441284,
        -2.204296588897705
      ]
    },
    "PatchTST": {
      "rmse": 1.379491280429965,
      "sign_mismatch": 0.25,
      "pred": [
        -1.6275840997695923,
        -1.4841654300689697,
        -1.710891842842102,
        -1.6772321462631226,
        -1.3896247148513794,
        -1.9374276399612427,
        -1.7965346574783325,
        -1.9497190713882446,
        -1.2753236293792725,
        -1.5353899002075195,
        -1.5853139162063599,
        -1.5061366558074951
      ]
    }
  }
}