{
  "timestamp": "2025-12-23T05:40:09.927799+00:00",
  "h": 15,
  "use_gpu": false,
  "results": {
    "TimeLLM": {
      "rmse": 1.121293595702927,
      "sign_mismatch": 0.4,
      "pred": [
        0.27762848138809204,
        0.8343233466148376,
        -0.4898234009742737,
        -1.0796743631362915,
        0.7369641661643982,
        -2.0130252838134766,
        0.11912405490875244,
        -0.38928094506263733,
        -1.5590293407440186,
        -0.5938834547996521,
        -1.416039228439331,
        -1.0331010818481445,
        0.755244791507721,
        -1.5317773818969727,
        0.3220777213573456
      ]
    },
    "PatchTST": {
      "rmse": 1.0301041493971663,
      "sign_mismatch": 0.26666666666666666,
      "pred": [
        -0.8456041812896729,
        -0.8077975511550903,
        -1.107182502746582,
        -1.1479830741882324,
        -0.690645694732666,
        -1.0556745529174805,
        -1.049351453781128,
        -1.2580267190933228,
        -0.2803676128387451,
        -1.3402358293533325,
        -0.5806726217269897,
        -0.9750710129737854,
        -0.9115338921546936,
        -0.6310938000679016,
        -1.1258044242858887
      ]
    }
  }
}