{
  "timestamp": "2025-12-23T05:38:50.376181+00:00",
  "h": 8,
  "use_gpu": false,
  "results": {
    "TimeLLM": {
      "rmse": 1.5003879500432558,
      "sign_mismatch": 0.5,
      "pred": [
        1.110388994216919,
        -0.6025277972221375,
        1.2252562046051025,
        0.8433853983879089,
        -0.8659301996231079,
        2.218881130218506,
        -0.6011015176773071,
        -0.22290243208408356
      ]
    },
    "PatchTST": {
      "rmse": 1.3673833656879444,
      "sign_mismatch": 0.75,
      "pred": [
        0.8236185908317566,
        0.86612468957901,
        0.6559931039810181,
        0.8060768246650696,
        0.6089768409729004,
        0.9282750487327576,
        0.8336570262908936,
        0.9244712591171265
      ]
    }
  }
}