{
  "timestamp": "2025-12-23T05:39:01.969680+00:00",
  "h": 9,
  "use_gpu": false,
  "results": {
    "TimeLLM": {
      "rmse": 1.507271505730309,
      "sign_mismatch": 0.4444444444444444,
      "pred": [
        0.6587779521942139,
        -0.5953506827354431,
        0.6222764253616333,
        0.6078413128852844,
        -1.0096309185028076,
        2.0634326934814453,
        -1.1216859817504883,
        -0.37260615825653076,
        0.3382412791252136
      ]
    },
    "PatchTST": {
      "rmse": 0.8664004437872089,
      "sign_mismatch": 0.4444444444444444,
      "pred": [
        0.025569535791873932,
        0.2796304523944855,
        -0.03307545930147171,
        -0.001832425594329834,
        -0.05505207180976868,
        0.08894085884094238,
        0.05427451431751251,
        0.015297450125217438,
        -0.08254417032003403
      ]
    }
  }
}