{
  "timestamp": "2025-12-23T05:39:58.345784+00:00",
  "h": 14,
  "use_gpu": false,
  "results": {
    "TimeLLM": {
      "rmse": 0.9611570468927253,
      "sign_mismatch": 0.42857142857142855,
      "pred": [
        0.6466103792190552,
        0.3969678580760956,
        -0.0635620653629303,
        -1.2507916688919067,
        -0.29545357823371887,
        -0.5219218730926514,
        -0.524025559425354,
        -1.0033538341522217,
        -1.2376154661178589,
        -0.4952329695224762,
        -0.4365009665489197,
        -1.4160236120224,
        -0.10444366931915283,
        -1.3553152084350586
      ]
    },
    "PatchTST": {
      "rmse": 1.1557634661534841,
      "sign_mismatch": 0.2857142857142857,
      "pred": [
        -1.3465392589569092,
        -0.812792956829071,
        -1.1344552040100098,
        -0.9376132488250732,
        -0.8460659980773926,
        -1.266602635383606,
        -1.150102138519287,
        -1.508999228477478,
        -0.7437540292739868,
        -1.067866563796997,
        -0.9379259347915649,
        -1.070068359375,
        -1.2710546255111694,
        -0.8371458053588867
      ]
    }
  }
}