{
  "timestamp": "2025-12-23T05:39:47.522368+00:00",
  "h": 13,
  "use_gpu": false,
  "results": {
    "TimeLLM": {
      "rmse": 1.7748532590302375,
      "sign_mismatch": 0.5384615384615384,
      "pred": [
        1.5517926216125488,
        -1.1840641498565674,
        1.7311525344848633,
        0.5376893281936646,
        -1.7513978481292725,
        3.7561821937561035,
        -1.0241363048553467,
        -0.86649090051651,
        0.6218655705451965,
        0.4910089373588562,
        2.418586254119873,
        -0.7515465021133423,
        -1.949960470199585
      ]
    },
    "PatchTST": {
      "rmse": 0.8188368133695862,
      "sign_mismatch": 0.3076923076923077,
      "pred": [
        -0.4656619131565094,
        -0.642749547958374,
        -0.5938317775726318,
        -0.3086754083633423,
        -0.47952747344970703,
        -0.5688000917434692,
        -0.5124682188034058,
        -0.42959660291671753,
        -0.7389407157897949,
        -0.24079419672489166,
        -0.6532759666442871,
        -0.4448939859867096,
        -0.4572170674800873
      ]
    }
  }
}