{
  "timestamp": "2025-12-23T05:39:25.320981+00:00",
  "h": 11,
  "use_gpu": false,
  "results": {
    "TimeLLM": {
      "rmse": 1.0795624325929138,
      "sign_mismatch": 0.2727272727272727,
      "pred": [
        0.08935785293579102,
        -1.1006922721862793,
        0.5974403619766235,
        0.053976237773895264,
        -1.0640745162963867,
        1.2644609212875366,
        -0.5882944464683533,
        -0.5219480991363525,
        -0.32984107732772827,
        -0.18630638718605042,
        0.7779315710067749
      ]
    },
    "PatchTST": {
      "rmse": 0.8256804330358949,
      "sign_mismatch": 0.36363636363636365,
      "pred": [
        -0.23537254333496094,
        -0.4635809063911438,
        -0.07651466131210327,
        -0.27081209421157837,
        -0.3011370301246643,
        -0.12787720561027527,
        -0.36964619159698486,
        -0.17841556668281555,
        -0.5070247650146484,
        -0.12662412226200104,
        -0.4270043969154358
      ]
    }
  }
}