{
  "timestamp": "2025-12-23T05:42:17.033538+00:00",
  "h": 10,
  "use_gpu": false,
  "results": {
    "TimeLLM": {
      "rmse": 0.6325155542710756,
      "sign_mismatch": 0.3,
      "pred": [
        -0.4427940845489502,
        -0.16372272372245789,
        -0.5829732418060303,
        -0.7235641479492188,
        -0.3604814112186432,
        -0.5835554003715515,
        -0.5764617919921875,
        -0.5947694778442383,
        -0.7150824069976807,
        -0.5639293193817139
      ]
    },
    "PatchTST": {
      "rmse": 0.487956398364002,
      "sign_mismatch": 0.3,
      "pred": [
        -0.1716323345899582,
        -0.17757725715637207,
        -0.2927318215370178,
        -0.35206764936447144,
        -0.3071969747543335,
        -0.207135409116745,
        -0.31473442912101746,
        -0.22764000296592712,
        -0.2949083745479584,
        -0.35471412539482117
      ]
    }
  }
}