{
  "timestamp": "2025-12-23T05:41:54.043134+00:00",
  "h": 8,
  "use_gpu": false,
  "results": {
    "TimeLLM": {
      "rmse": 0.808613494095467,
      "sign_mismatch": 0.5,
      "pred": [
        0.382198691368103,
        -0.45926573872566223,
        0.3895053267478943,
        0.45045483112335205,
        -0.49271360039711,
        1.263464093208313,
        -0.564804196357727,
        -0.14806200563907623
      ]
    },
    "PatchTST": {
      "rmse": 0.6574595199388906,
      "sign_mismatch": 0.75,
      "pred": [
        0.2176857590675354,
        0.2443363070487976,
        0.12222413718700409,
        0.1879572868347168,
        0.11485888063907623,
        0.2604554295539856,
        0.21190159022808075,
        0.25261837244033813
      ]
    }
  }
}