{
  "timestamp": "2025-12-23T05:42:41.909591+00:00",
  "h": 12,
  "use_gpu": false,
  "results": {
    "TimeLLM": {
      "rmse": 0.774106454186551,
      "sign_mismatch": 0.3333333333333333,
      "pred": [
        -0.05464416742324829,
        0.8342685699462891,
        -0.5849205255508423,
        -1.0483534336090088,
        -0.20511865615844727,
        -0.8725204467773438,
        -0.5848787426948547,
        -0.7177832126617432,
        -1.0904747247695923,
        -0.2793384790420532,
        -0.7934468388557434,
        -1.163209080696106
      ]
    },
    "PatchTST": {
      "rmse": 0.4678099943772847,
      "sign_mismatch": 0.25,
      "pred": [
        -0.5004028677940369,
        -0.5945558547973633,
        -0.3267555832862854,
        -0.13044479489326477,
        -0.3733075261116028,
        -0.3626519739627838,
        -0.3598674535751343,
        -0.39406275749206543,
        -0.6704747676849365,
        -0.2570135295391083,
        -0.6163344383239746,
        -0.310305118560791
      ]
    }
  }
}