{
  "timestamp": "2025-12-23T05:35:45.411073+00:00",
  "h": 8,
  "use_gpu": false,
  "results": {
    "TimeLLM": {
      "rmse": 0.586995650336658,
      "sign_mismatch": 0.5,
      "pred": [
        -0.17735902965068817,
        -0.22886404395103455,
        0.07344582676887512,
        0.2801959812641144,
        -0.1906294971704483,
        0.4202378988265991,
        -0.20637206733226776,
        0.1358124315738678
      ]
    },
    "PatchTST": {
      "rmse": 0.6150587097662316,
      "sign_mismatch": 0.75,
      "pred": [
        0.1981486678123474,
        0.21977558732032776,
        0.08842868357896805,
        0.16076859831809998,
        0.10194739699363708,
        0.23427006602287292,
        0.18556718528270721,
        0.23137588798999786
      ]
    }
  }
}