{
  "timestamp": "2025-12-23T05:41:30.993347+00:00",
  "h": 14,
  "use_gpu": false,
  "results": {
    "TimeLLM": {
      "rmse": 1.1678700228549812,
      "sign_mismatch": 0.42857142857142855,
      "pred": [
        0.41168317198753357,
        0.8216053247451782,
        -0.12657099962234497,
        -0.10451114177703857,
        -0.20497065782546997,
        0.4376560151576996,
        -0.850983738899231,
        -0.3329799175262451,
        -0.2686843276023865,
        -0.14804553985595703,
        -0.2866876423358917,
        -0.715958833694458,
        -0.5355615615844727,
        -0.3836275041103363
      ]
    },
    "PatchTST": {
      "rmse": 0.8477290068686216,
      "sign_mismatch": 0.21428571428571427,
      "pred": [
        -0.5995079278945923,
        -0.7581874132156372,
        -0.7133858799934387,
        -0.9794821739196777,
        -0.6258229613304138,
        -0.7810648679733276,
        -0.986147940158844,
        -0.8863998055458069,
        -0.35259053111076355,
        -0.9121684432029724,
        -0.566627025604248,
        -0.8391991853713989,
        -0.7384834289550781,
        -0.5062880516052246
      ]
    }
  }
}