{
  "timestamp": "2025-12-23T05:39:13.287961+00:00",
  "h": 10,
  "use_gpu": false,
  "results": {
    "TimeLLM": {
      "rmse": 1.0456665004877315,
      "sign_mismatch": 0.3,
      "pred": [
        -0.422008216381073,
        0.13022279739379883,
        -0.8046777248382568,
        -1.2541589736938477,
        -0.21706640720367432,
        -1.2721428871154785,
        -0.5508080124855042,
        -0.7901795506477356,
        -1.1974377632141113,
        -0.6985775232315063
      ]
    },
    "PatchTST": {
      "rmse": 0.7971935581897682,
      "sign_mismatch": 0.4,
      "pred": [
        -0.12388751655817032,
        -0.09911467880010605,
        -0.294660359621048,
        -0.3870292901992798,
        -0.31170952320098877,
        -0.19328980147838593,
        -0.3359737992286682,
        -0.21677105128765106,
        -0.24206987023353577,
        -0.41441816091537476
      ]
    }
  }
}