{
  "timestamp": "2025-12-23T05:43:17.762849+00:00",
  "h": 15,
  "use_gpu": false,
  "results": {
    "TimeLLM": {
      "rmse": 0.617097281014493,
      "sign_mismatch": 0.4666666666666667,
      "pred": [
        0.4926811158657074,
        0.05774839594960213,
        0.23995709419250488,
        -0.43537166714668274,
        -0.18207798898220062,
        0.18297885358333588,
        -0.055973127484321594,
        -0.3814803957939148,
        -0.4277549386024475,
        -0.024762723594903946,
        0.22615590691566467,
        -0.724766731262207,
        -0.1066129058599472,
        -0.27704259753227234,
        0.1450325846672058
      ]
    },
    "PatchTST": {
      "rmse": 0.6538610302377241,
      "sign_mismatch": 0.2,
      "pred": [
        -0.7500267028808594,
        -0.5982481241226196,
        -0.8064829707145691,
        -0.7633605599403381,
        -0.5095930695533752,
        -0.8032519817352295,
        -0.7385337948799133,
        -0.9947474598884583,
        -0.26486825942993164,
        -0.9490786790847778,
        -0.4904978573322296,
        -0.7264419794082642,
        -0.7633385062217712,
        -0.5014292597770691,
        -0.8671762943267822
      ]
    }
  }
}