{
  "timestamp": "2025-12-23T05:42:05.787098+00:00",
  "h": 9,
  "use_gpu": false,
  "results": {
    "TimeLLM": {
      "rmse": 1.143936864263006,
      "sign_mismatch": 0.4444444444444444,
      "pred": [
        0.35595935583114624,
        -0.6349726319313049,
        0.3170456886291504,
        0.2957777976989746,
        -0.9547317624092102,
        1.698121190071106,
        -0.924509584903717,
        -0.5392748117446899,
        0.17336821556091309
      ]
    },
    "PatchTST": {
      "rmse": 0.5177021698239475,
      "sign_mismatch": 0.2222222222222222,
      "pred": [
        -0.11589589715003967,
        0.052682772278785706,
        -0.1540975421667099,
        -0.11342193931341171,
        -0.1648341417312622,
        -0.03986874967813492,
        -0.08196934312582016,
        -0.12067705392837524,
        -0.1873825639486313
      ]
    }
  }
}