{
  "timestamp": "2025-12-19T10:58:55.379204+00:00",
  "h": 8,
  "use_gpu": false,
  "results": {
    "TimeLLM": {
      "rmse": 1.0202135369651288,
      "sign_mismatch": 0.375,
      "pred": [
        -1.069565773010254,
        0.1462177187204361,
        -0.8365221619606018,
        -0.6340521574020386,
        -0.532497227191925,
        -1.743468999862671,
        -0.5371178984642029,
        0.6222852468490601
      ]
    },
    "PatchTST": {
      "rmse": 1.2660076753636755,
      "sign_mismatch": 0.625,
      "pred": [
        1.0053128004074097,
        0.6821333169937134,
        0.7475380897521973,
        1.1897289752960205,
        0.6010250449180603,
        1.1812461614608765,
        0.8619351983070374,
        1.0511033535003662
      ]
    }
  }
}